2020-11-10,A,11
2020-11-09,A,96
2020-11-08,A,49
2020-11-07,A,61
2020-11-06,A,4
2020-11-05,A,15
2020-11-04,A,44
2020-11-03,A,21
2020-11-02,A,66
2020-11-01,A,88
2020-10-31,A,92
2020-10-30,A,62
2020-10-29,A,70
2020-10-28,A,68
2020-10-27,A,12
2020-10-26,A,86
2020-10-25,A,79
2020-10-24,A,79
2020-10-23,A,46
2020-10-22,A,41
2020-10-21,A,31
2020-10-20,A,51
2020-10-19,A,11
2020-10-18,A,50
2020-10-17,A,9
2020-10-16,A,65
2020-10-15,A,41
2020-10-14,A,36
2020-10-13,A,64
2020-10-12,A,96
2020-10-11,A,69
2020-10-10,A,3
2020-10-09,A,19
2020-10-08,A,34
2020-10-07,A,73
2020-10-06,A,80
2020-10-05,A,14
2020-10-04,A,5
2020-10-03,A,16
2020-10-02,A,26
2020-10-01,A,46
2020-09-30,A,61
2020-09-29,A,21
2020-09-28,A,41
2020-09-27,A,21
2020-09-26,A,6
2020-09-25,A,86
2020-09-24,A,80
2020-09-23,A,98
2020-09-22,A,20
2020-09-21,A,3
2020-09-20,A,90
2020-09-19,A,39
2020-09-18,A,62
2020-09-17,A,21
2020-09-16,A,80
2020-09-15,A,24
2020-09-14,A,73
2020-09-13,A,87
2020-09-12,A,97
2020-09-11,A,33
2020-09-10,A,57
2020-09-09,A,45
2020-09-08,A,32
2020-09-07,A,94
2020-09-06,A,89
2020-09-05,A,75
2020-09-04,A,68
2020-09-03,A,61
2020-09-02,A,86
2020-09-01,A,5
2020-08-31,A,53
2020-08-30,A,43
2020-08-29,A,5
2020-08-28,A,34
2020-08-27,A,78
2020-08-26,A,100
2020-08-25,A,20
2020-08-24,A,44
2020-08-23,A,98
2020-08-22,A,82
2020-08-21,A,34
2020-08-20,A,50
2020-08-19,A,33
2020-08-18,A,83
2020-08-17,A,100
2020-08-16,A,14
2020-08-15,A,92
2020-08-14,A,77
2020-08-13,A,26
2020-08-12,A,29
2020-08-11,A,89
2020-08-10,A,71
2020-08-09,A,96
2020-08-08,A,52
2020-08-07,A,54
2020-08-06,A,67
2020-08-05,A,92
2020-08-04,A,38
2020-08-03,A,63
2020-08-02,A,1
2020-08-01,A,12
2020-07-31,A,28
2020-07-30,A,69
2020-07-29,A,55
2020-07-28,A,89
2020-07-27,A,62
2020-07-26,A,27
2020-07-25,A,63
2020-07-24,A,41
2020-07-23,A,78
2020-07-22,A,54
2020-07-21,A,74
2020-07-20,A,98
2020-07-19,A,70
2020-07-18,A,15
2020-07-17,A,70
2020-07-16,A,93
2020-07-15,A,76
2020-07-14,A,100
2020-07-13,A,97
2020-07-12,A,98
2020-07-11,A,51
2020-07-10,A,51
2020-07-09,A,20
2020-07-08,A,36
2020-07-07,A,34
2020-07-06,A,84
2020-07-05,A,17
2020-07-04,A,65
2020-07-03,A,82
2020-07-02,A,45
2020-07-01,A,15
2020-06-30,A,84
2020-06-29,A,43
2020-06-28,A,54
2020-06-27,A,36
2020-06-26,A,6
2020-06-25,A,88
2020-06-24,A,10
2020-06-23,A,76
2020-06-22,A,50
2020-06-21,A,62
2020-06-20,A,76
2020-06-19,A,41
2020-06-18,A,74
2020-06-17,A,89
2020-06-16,A,5
2020-06-15,A,67
2020-06-14,A,40
2020-06-13,A,39
2020-06-12,A,34
2020-06-11,A,81
2020-06-10,A,50
2020-06-09,A,97
2020-06-08,A,3
2020-06-07,A,94
2020-06-06,A,60
2020-06-05,A,31
2020-06-04,A,56
2020-06-03,A,82
2020-06-02,A,43
2020-06-01,A,32
2020-05-31,A,1
2020-05-30,A,98
2020-05-29,A,92
2020-05-28,A,83
2020-05-27,A,11
2020-05-26,A,17
2020-05-25,A,23
2020-05-24,A,3
2020-05-23,A,91
2020-05-22,A,45
2020-05-21,A,31
2020-05-20,A,21
2020-05-19,A,22
2020-05-18,A,47
2020-05-17,A,63
2020-05-16,A,28
2020-05-15,A,56
2020-05-14,A,36
2020-05-13,A,98
2020-05-12,A,43
2020-05-11,A,92
2020-05-10,A,15
2020-05-09,A,19
2020-05-08,A,55
2020-05-07,A,45
2020-05-06,A,89
2020-05-05,A,66
2020-05-04,A,5
2020-05-03,A,80
2020-05-02,A,5
2020-05-01,A,5
2020-04-30,A,68
2020-04-29,A,9
2020-04-28,A,24
2020-04-27,A,81
2020-04-26,A,47
2020-04-25,A,7
2020-04-24,A,85
2020-04-23,A,23
2020-04-22,A,23
2020-04-21,A,17
2020-04-20,A,26
2020-04-19,A,68
2020-04-18,A,38
2020-04-17,A,23
2020-04-16,A,47
2020-04-15,A,33
2020-04-14,A,31
2020-04-13,A,2
2020-04-12,A,62
2020-04-11,A,27
2020-04-10,A,45
2020-04-09,A,56
2020-04-08,A,17
2020-04-07,A,35
2020-04-06,A,13
2020-04-05,A,57
2020-04-04,A,61
2020-04-03,A,31
2020-04-02,A,42
2020-04-01,A,44
2020-03-31,A,50
2020-03-30,A,51
2020-03-29,A,41
2020-03-28,A,60
2020-03-27,A,49
2020-03-26,A,57
2020-03-25,A,49
2020-03-24,A,57
2020-03-23,A,100
2020-03-22,A,62
2020-03-21,A,46
2020-03-20,A,24
2020-03-19,A,13
2020-03-18,A,78
2020-03-17,A,59
2020-03-16,A,43
2020-03-15,A,74
2020-03-14,A,16
2020-03-13,A,90
2020-03-12,A,54
2020-03-11,A,34
2020-03-10,A,21
2020-03-09,A,6
2020-03-08,A,20
2020-03-07,A,9
2020-03-06,A,53
2020-03-05,A,78
2020-03-04,A,25
2020-03-03,A,35
2020-03-02,A,49
2020-03-01,A,21
2020-02-29,A,58
2020-02-28,A,5
2020-02-27,A,68
2020-02-26,A,88
2020-02-25,A,45
2020-02-24,A,42
2020-02-23,A,87
2020-02-22,A,8
2020-02-21,A,72
2020-02-20,A,82
2020-02-19,A,3
2020-02-18,A,47
2020-02-17,A,34
2020-02-16,A,67
2020-02-15,A,61
2020-02-14,A,53
2020-02-13,A,58
2020-02-12,A,29
2020-02-11,A,32
2020-02-10,A,78
2020-02-09,A,35
2020-02-08,A,60
2020-02-07,A,87
2020-02-06,A,71
2020-02-05,A,71
2020-02-04,A,52
2020-02-03,A,85
2020-02-02,A,2
2020-02-01,A,71
2020-01-31,A,64
2020-01-30,A,55
2020-01-29,A,40
2020-01-28,A,49
2020-01-27,A,92
2020-01-26,A,79
2020-01-25,A,7
2020-01-24,A,61
2020-01-23,A,49
2020-01-22,A,84
2020-01-21,A,25
2020-01-20,A,50
2020-01-19,A,66
2020-01-18,A,81
2020-01-17,A,45
2020-01-16,A,26
2020-01-15,A,23
2020-01-14,A,36
2020-01-13,A,57
2020-01-12,A,56
2020-01-11,A,5
2020-01-10,A,43
2020-01-09,A,21
2020-01-08,A,26
2020-01-07,A,40
2020-01-06,A,91
2020-01-05,A,39
2020-01-04,A,14
2020-01-03,A,77
2020-01-02,A,88
2020-01-01,A,52
2020-11-10,B,14
2020-11-09,B,41
2020-11-08,B,90
2020-11-07,B,99
2020-11-06,B,44
2020-11-05,B,60
2020-11-04,B,47
2020-11-03,B,21
2020-11-02,B,56
2020-11-01,B,95
2020-10-31,B,44
2020-10-30,B,30
2020-10-29,B,53
2020-10-28,B,17
2020-10-27,B,6
2020-10-26,B,50
2020-10-25,B,34
2020-10-24,B,59
2020-10-23,B,67
2020-10-22,B,86
2020-10-21,B,41
2020-10-20,B,44
2020-10-19,B,44
2020-10-18,B,26
2020-10-17,B,65
2020-10-16,B,87
2020-10-15,B,68
2020-10-14,B,53
2020-10-13,B,55
2020-10-12,B,21
2020-10-11,B,94
2020-10-10,B,79
2020-10-09,B,30
2020-10-08,B,13
2020-10-07,B,20
2020-10-06,B,84
2020-10-05,B,32
2020-10-04,B,79
2020-10-03,B,94
2020-10-02,B,96
2020-10-01,B,60
2020-09-30,B,41
2020-09-29,B,53
2020-09-28,B,32
2020-09-27,B,14
2020-09-26,B,55
2020-09-25,B,13
2020-09-24,B,83
2020-09-23,B,28
2020-09-22,B,20
2020-09-21,B,81
2020-09-20,B,53
2020-09-19,B,91
2020-09-18,B,12
2020-09-17,B,76
2020-09-16,B,45
2020-09-15,B,29
2020-09-14,B,43
2020-09-13,B,6
2020-09-12,B,10
2020-09-11,B,46
2020-09-10,B,17
2020-09-09,B,55
2020-09-08,B,57
2020-09-07,B,34
2020-09-06,B,9
2020-09-05,B,66
2020-09-04,B,100
2020-09-03,B,47
2020-09-02,B,46
2020-09-01,B,40
2020-08-31,B,72
2020-08-30,B,48
2020-08-29,B,16
2020-08-28,B,22
2020-08-27,B,2
2020-08-26,B,9
2020-08-25,B,52
2020-08-24,B,66
2020-08-23,B,26
2020-08-22,B,8
2020-08-21,B,9
2020-08-20,B,52
2020-08-19,B,64
2020-08-18,B,21
2020-08-17,B,86
2020-08-16,B,92
2020-08-15,B,96
2020-08-14,B,28
2020-08-13,B,85
2020-08-12,B,26
2020-08-11,B,63
2020-08-10,B,91
2020-08-09,B,59
2020-08-08,B,57
2020-08-07,B,93
2020-08-06,B,72
2020-08-05,B,32
2020-08-04,B,15
2020-08-03,B,58
2020-08-02,B,37
2020-08-01,B,99
2020-07-31,B,89
2020-07-30,B,22
2020-07-29,B,16
2020-07-28,B,38
2020-07-27,B,56
2020-07-26,B,55
2020-07-25,B,92
2020-07-24,B,15
2020-07-23,B,37
2020-07-22,B,41
2020-07-21,B,39
2020-07-20,B,52
2020-07-19,B,95
2020-07-18,B,39
2020-07-17,B,48
2020-07-16,B,92
2020-07-15,B,77
2020-07-14,B,69
2020-07-13,B,14
2020-07-12,B,12
2020-07-11,B,87
2020-07-10,B,10
2020-07-09,B,17
2020-07-08,B,80
2020-07-07,B,88
2020-07-06,B,12
2020-07-05,B,2
2020-07-04,B,64
2020-07-03,B,29
2020-07-02,B,36
2020-07-01,B,14
2020-06-30,B,2
2020-06-29,B,19
2020-06-28,B,29
2020-06-27,B,75
2020-06-26,B,82
2020-06-25,B,65
2020-06-24,B,46
2020-06-23,B,48
2020-06-22,B,43
2020-06-21,B,74
2020-06-20,B,34
2020-06-19,B,26
2020-06-18,B,72
2020-06-17,B,95
2020-06-16,B,84
2020-06-15,B,33
2020-06-14,B,50
2020-06-13,B,77
2020-06-12,B,38
2020-06-11,B,54
2020-06-10,B,76
2020-06-09,B,37
2020-06-08,B,4
2020-06-07,B,16
2020-06-06,B,99
2020-06-05,B,79
2020-06-04,B,11
2020-06-03,B,56
2020-06-02,B,48
2020-06-01,B,50
2020-05-31,B,19
2020-05-30,B,68
2020-05-29,B,56
2020-05-28,B,46
2020-05-27,B,97
2020-05-26,B,2
2020-05-25,B,21
2020-05-24,B,34
2020-05-23,B,99
2020-05-22,B,9
2020-05-21,B,78
2020-05-20,B,66
2020-05-19,B,30
2020-05-18,B,48
2020-05-17,B,27
2020-05-16,B,52
2020-05-15,B,81
2020-05-14,B,39
2020-05-13,B,14
2020-05-12,B,73
2020-05-11,B,37
2020-05-10,B,70
2020-05-09,B,3
2020-05-08,B,21
2020-05-07,B,53
2020-05-06,B,2
2020-05-05,B,99
2020-05-04,B,6
2020-05-03,B,46
2020-05-02,B,93
2020-05-01,B,80
2020-04-30,B,81
2020-04-29,B,51
2020-04-28,B,15
2020-04-27,B,44
2020-04-26,B,15
2020-04-25,B,96
2020-04-24,B,63
2020-04-23,B,3
2020-04-22,B,90
2020-04-21,B,20
2020-04-20,B,83
2020-04-19,B,96
2020-04-18,B,99
2020-04-17,B,96
2020-04-16,B,29
2020-04-15,B,37
2020-04-14,B,85
2020-04-13,B,17
2020-04-12,B,23
2020-04-11,B,95
2020-04-10,B,32
2020-04-09,B,13
2020-04-08,B,87
2020-04-07,B,99
2020-04-06,B,96
2020-04-05,B,2
2020-04-04,B,63
2020-04-03,B,82
2020-04-02,B,54
2020-04-01,B,20
2020-03-31,B,39
2020-03-30,B,83
2020-03-29,B,68
2020-03-28,B,34
2020-03-27,B,15
2020-03-26,B,65
2020-03-25,B,60
2020-03-24,B,26
2020-03-23,B,58
2020-03-22,B,92
2020-03-21,B,28
2020-03-20,B,46
2020-03-19,B,24
2020-03-18,B,53
2020-03-17,B,29
2020-03-16,B,8
2020-03-15,B,18
2020-03-14,B,40
2020-03-13,B,25
2020-03-12,B,2
2020-03-11,B,49
2020-03-10,B,88
2020-03-09,B,28
2020-03-08,B,26
2020-03-07,B,14
2020-03-06,B,28
2020-03-05,B,20
2020-03-04,B,11
2020-03-03,B,29
2020-03-02,B,11
2020-03-01,B,44
2020-02-29,B,51
2020-02-28,B,16
2020-02-27,B,18
2020-02-26,B,24
2020-02-25,B,73
2020-02-24,B,41
2020-02-23,B,72
2020-02-22,B,49
2020-02-21,B,8
2020-02-20,B,34
2020-02-19,B,63
2020-02-18,B,80
2020-02-17,B,99
2020-02-16,B,21
2020-02-15,B,59
2020-02-14,B,80
2020-02-13,B,4
2020-02-12,B,72
2020-02-11,B,24
2020-02-10,B,33
2020-02-09,B,51
2020-02-08,B,89
2020-02-07,B,52
2020-02-06,B,31
2020-02-05,B,29
2020-02-04,B,88
2020-02-03,B,95
2020-02-02,B,31
2020-02-01,B,33
2020-01-31,B,18
2020-01-30,B,26
2020-01-29,B,52
2020-01-28,B,43
2020-01-27,B,18
2020-01-26,B,15
2020-01-25,B,52
2020-01-24,B,16
2020-01-23,B,41
2020-01-22,B,67
2020-01-21,B,51
2020-01-20,B,92
2020-01-19,B,38
2020-01-18,B,12
2020-01-17,B,30
2020-01-16,B,59
2020-01-15,B,6
2020-01-14,B,21
2020-01-13,B,12
2020-01-12,B,31
2020-01-11,B,10
2020-01-10,B,32
2020-01-09,B,90
2020-01-08,B,61
2020-01-07,B,33
2020-01-06,B,31
2020-01-05,B,26
2020-01-04,B,7
2020-01-03,B,91
2020-01-02,B,8
2020-01-01,B,21
2020-11-10,C,13
2020-11-09,C,17
2020-11-08,C,98
2020-11-07,C,9
2020-11-06,C,62
2020-11-05,C,9
2020-11-04,C,50
2020-11-03,C,30
2020-11-02,C,31
2020-11-01,C,61
2020-10-31,C,91
2020-10-30,C,37
2020-10-29,C,57
2020-10-28,C,50
2020-10-27,C,53
2020-10-26,C,94
2020-10-25,C,41
2020-10-24,C,56
2020-10-23,C,57
2020-10-22,C,40
2020-10-21,C,96
2020-10-20,C,26
2020-10-19,C,88
2020-10-18,C,20
2020-10-17,C,18
2020-10-16,C,58
2020-10-15,C,85
2020-10-14,C,69
2020-10-13,C,22
2020-10-12,C,52
2020-10-11,C,1
2020-10-10,C,98
2020-10-09,C,99
2020-10-08,C,11
2020-10-07,C,60
2020-10-06,C,90
2020-10-05,C,55
2020-10-04,C,11
2020-10-03,C,73
2020-10-02,C,25
2020-10-01,C,100
2020-09-30,C,89
2020-09-29,C,78
2020-09-28,C,46
2020-09-27,C,6
2020-09-26,C,45
2020-09-25,C,80
2020-09-24,C,57
2020-09-23,C,51
2020-09-22,C,54
2020-09-21,C,51
2020-09-20,C,53
2020-09-19,C,83
2020-09-18,C,32
2020-09-17,C,68
2020-09-16,C,35
2020-09-15,C,9
2020-09-14,C,74
2020-09-13,C,93
2020-09-12,C,19
2020-09-11,C,6
2020-09-10,C,65
2020-09-09,C,5
2020-09-08,C,16
2020-09-07,C,72
2020-09-06,C,5
2020-09-05,C,8
2020-09-04,C,64
2020-09-03,C,34
2020-09-02,C,21
2020-09-01,C,93
2020-08-31,C,12
2020-08-30,C,35
2020-08-29,C,5
2020-08-28,C,86
2020-08-27,C,25
2020-08-26,C,19
2020-08-25,C,53
2020-08-24,C,42
2020-08-23,C,70
2020-08-22,C,2
2020-08-21,C,60
2020-08-20,C,85
2020-08-19,C,35
2020-08-18,C,73
2020-08-17,C,62
2020-08-16,C,4
2020-08-15,C,41
2020-08-14,C,95
2020-08-13,C,80
2020-08-12,C,3
2020-08-11,C,82
2020-08-10,C,37
2020-08-09,C,73
2020-08-08,C,34
2020-08-07,C,43
2020-08-06,C,20
2020-08-05,C,92
2020-08-04,C,86
2020-08-03,C,45
2020-08-02,C,40
2020-08-01,C,23
2020-07-31,C,63
2020-07-30,C,97
2020-07-29,C,26
2020-07-28,C,92
2020-07-27,C,18
2020-07-26,C,23
2020-07-25,C,20
2020-07-24,C,8
2020-07-23,C,81
2020-07-22,C,52
2020-07-21,C,94
2020-07-20,C,4
2020-07-19,C,73
2020-07-18,C,42
2020-07-17,C,28
2020-07-16,C,25
2020-07-15,C,85
2020-07-14,C,98
2020-07-13,C,77
2020-07-12,C,77
2020-07-11,C,97
2020-07-10,C,31
2020-07-09,C,51
2020-07-08,C,99
2020-07-07,C,86
2020-07-06,C,22
2020-07-05,C,54
2020-07-04,C,21
2020-07-03,C,79
2020-07-02,C,22
2020-07-01,C,48
2020-06-30,C,92
2020-06-29,C,25
2020-06-28,C,22
2020-06-27,C,18
2020-06-26,C,57
2020-06-25,C,29
2020-06-24,C,96
2020-06-23,C,83
2020-06-22,C,87
2020-06-21,C,53
2020-06-20,C,9
2020-06-19,C,82
2020-06-18,C,30
2020-06-17,C,70
2020-06-16,C,9
2020-06-15,C,3
2020-06-14,C,39
2020-06-13,C,96
2020-06-12,C,69
2020-06-11,C,29
2020-06-10,C,82
2020-06-09,C,61
2020-06-08,C,35
2020-06-07,C,55
2020-06-06,C,86
2020-06-05,C,47
2020-06-04,C,18
2020-06-03,C,95
2020-06-02,C,63
2020-06-01,C,46
2020-05-31,C,88
2020-05-30,C,20
2020-05-29,C,32
2020-05-28,C,13
2020-05-27,C,24
2020-05-26,C,64
2020-05-25,C,18
2020-05-24,C,79
2020-05-23,C,10
2020-05-22,C,18
2020-05-21,C,49
2020-05-20,C,11
2020-05-19,C,12
2020-05-18,C,78
2020-05-17,C,83
2020-05-16,C,22
2020-05-15,C,70
2020-05-14,C,99
2020-05-13,C,99
2020-05-12,C,50
2020-05-11,C,89
2020-05-10,C,57
2020-05-09,C,98
2020-05-08,C,25
2020-05-07,C,56
2020-05-06,C,6
2020-05-05,C,92
2020-05-04,C,38
2020-05-03,C,26
2020-05-02,C,27
2020-05-01,C,87
2020-04-30,C,89
2020-04-29,C,60
2020-04-28,C,1
2020-04-27,C,69
2020-04-26,C,77
2020-04-25,C,36
2020-04-24,C,32
2020-04-23,C,62
2020-04-22,C,85
2020-04-21,C,16
2020-04-20,C,34
2020-04-19,C,21
2020-04-18,C,69
2020-04-17,C,23
2020-04-16,C,49
2020-04-15,C,90
2020-04-14,C,38
2020-04-13,C,14
2020-04-12,C,21
2020-04-11,C,32
2020-04-10,C,76
2020-04-09,C,37
2020-04-08,C,96
2020-04-07,C,34
2020-04-06,C,4
2020-04-05,C,85
2020-04-04,C,19
2020-04-03,C,82
2020-04-02,C,42
2020-04-01,C,8
2020-03-31,C,17
2020-03-30,C,98
2020-03-29,C,34
2020-03-28,C,10
2020-03-27,C,49
2020-03-26,C,61
2020-03-25,C,24
2020-03-24,C,56
2020-03-23,C,29
2020-03-22,C,68
2020-03-21,C,19
2020-03-20,C,10
2020-03-19,C,28
2020-03-18,C,86
2020-03-17,C,91
2020-03-16,C,71
2020-03-15,C,83
2020-03-14,C,93
2020-03-13,C,8
2020-03-12,C,9
2020-03-11,C,13
2020-03-10,C,65
2020-03-09,C,81
2020-03-08,C,38
2020-03-07,C,12
2020-03-06,C,54
2020-03-05,C,79
2020-03-04,C,8
2020-03-03,C,36
2020-03-02,C,15
2020-03-01,C,11
2020-02-29,C,20
2020-02-28,C,17
2020-02-27,C,76
2020-02-26,C,93
2020-02-25,C,82
2020-02-24,C,57
2020-02-23,C,49
2020-02-22,C,30
2020-02-21,C,52
2020-02-20,C,81
2020-02-19,C,97
2020-02-18,C,65
2020-02-17,C,14
2020-02-16,C,45
2020-02-15,C,78
2020-02-14,C,16
2020-02-13,C,98
2020-02-12,C,9
2020-02-11,C,4
2020-02-10,C,60
2020-02-09,C,22
2020-02-08,C,4
2020-02-07,C,93
2020-02-06,C,44
2020-02-05,C,4
2020-02-04,C,43
2020-02-03,C,3
2020-02-02,C,51
2020-02-01,C,99
2020-01-31,C,53
2020-01-30,C,76
2020-01-29,C,16
2020-01-28,C,95
2020-01-27,C,33
2020-01-26,C,55
2020-01-25,C,51
2020-01-24,C,21
2020-01-23,C,99
2020-01-22,C,12
2020-01-21,C,29
2020-01-20,C,8
2020-01-19,C,62
2020-01-18,C,1
2020-01-17,C,52
2020-01-16,C,84
2020-01-15,C,28
2020-01-14,C,76
2020-01-13,C,22
2020-01-12,C,8
2020-01-11,C,17
2020-01-10,C,33
2020-01-09,C,92
2020-01-08,C,35
2020-01-07,C,5
2020-01-06,C,19
2020-01-05,C,15
2020-01-04,C,18
2020-01-03,C,76
2020-01-02,C,21
2020-01-01,C,7
2020-11-10,D,26
2020-11-09,D,80
2020-11-08,D,15
2020-11-07,D,27
2020-11-06,D,87
2020-11-05,D,93
2020-11-04,D,23
2020-11-03,D,61
2020-11-02,D,84
2020-11-01,D,4
2020-10-31,D,35
2020-10-30,D,30
2020-10-29,D,77
2020-10-28,D,62
2020-10-27,D,52
2020-10-26,D,64
2020-10-25,D,37
2020-10-24,D,4
2020-10-23,D,88
2020-10-22,D,61
2020-10-21,D,88
2020-10-20,D,21
2020-10-19,D,18
2020-10-18,D,73
2020-10-17,D,13
2020-10-16,D,61
2020-10-15,D,21
2020-10-14,D,13
2020-10-13,D,100
2020-10-12,D,4
2020-10-11,D,8
2020-10-10,D,97
2020-10-09,D,80
2020-10-08,D,57
2020-10-07,D,85
2020-10-06,D,35
2020-10-05,D,76
2020-10-04,D,28
2020-10-03,D,25
2020-10-02,D,11
2020-10-01,D,88
2020-09-30,D,52
2020-09-29,D,67
2020-09-28,D,6
2020-09-27,D,90
2020-09-26,D,66
2020-09-25,D,42
2020-09-24,D,91
2020-09-23,D,79
2020-09-22,D,85
2020-09-21,D,36
2020-09-20,D,1
2020-09-19,D,28
2020-09-18,D,11
2020-09-17,D,72
2020-09-16,D,15
2020-09-15,D,32
2020-09-14,D,18
2020-09-13,D,86
2020-09-12,D,94
2020-09-11,D,91
2020-09-10,D,46
2020-09-09,D,25
2020-09-08,D,89
2020-09-07,D,47
2020-09-06,D,86
2020-09-05,D,12
2020-09-04,D,86
2020-09-03,D,82
2020-09-02,D,39
2020-09-01,D,90
2020-08-31,D,94
2020-08-30,D,94
2020-08-29,D,17
2020-08-28,D,25
2020-08-27,D,9
2020-08-26,D,1
2020-08-25,D,50
2020-08-24,D,67
2020-08-23,D,67
2020-08-22,D,42
2020-08-21,D,86
2020-08-20,D,27
2020-08-19,D,6
2020-08-18,D,88
2020-08-17,D,37
2020-08-16,D,26
2020-08-15,D,70
2020-08-14,D,19
2020-08-13,D,31
2020-08-12,D,80
2020-08-11,D,18
2020-08-10,D,15
2020-08-09,D,26
2020-08-08,D,46
2020-08-07,D,34
2020-08-06,D,66
2020-08-05,D,79
2020-08-04,D,3
2020-08-03,D,95
2020-08-02,D,16
2020-08-01,D,39
2020-07-31,D,100
2020-07-30,D,60
2020-07-29,D,58
2020-07-28,D,38
2020-07-27,D,2
2020-07-26,D,86
2020-07-25,D,27
2020-07-24,D,85
2020-07-23,D,27
2020-07-22,D,92
2020-07-21,D,32
2020-07-20,D,46
2020-07-19,D,37
2020-07-18,D,33
2020-07-17,D,32
2020-07-16,D,48
2020-07-15,D,84
2020-07-14,D,94
2020-07-13,D,76
2020-07-12,D,22
2020-07-11,D,84
2020-07-10,D,73
2020-07-09,D,4
2020-07-08,D,84
2020-07-07,D,29
2020-07-06,D,65
2020-07-05,D,46
2020-07-04,D,65
2020-07-03,D,5
2020-07-02,D,21
2020-07-01,D,27
2020-06-30,D,95
2020-06-29,D,2
2020-06-28,D,66
2020-06-27,D,97
2020-06-26,D,9
2020-06-25,D,47
2020-06-24,D,16
2020-06-23,D,30
2020-06-22,D,28
2020-06-21,D,98
2020-06-20,D,83
2020-06-19,D,49
2020-06-18,D,22
2020-06-17,D,80
2020-06-16,D,75
2020-06-15,D,65
2020-06-14,D,24
2020-06-13,D,74
2020-06-12,D,79
2020-06-11,D,8
2020-06-10,D,42
2020-06-09,D,42
2020-06-08,D,61
2020-06-07,D,23
2020-06-06,D,29
2020-06-05,D,97
2020-06-04,D,44
2020-06-03,D,52
2020-06-02,D,73
2020-06-01,D,59
2020-05-31,D,98
2020-05-30,D,2
2020-05-29,D,95
2020-05-28,D,39
2020-05-27,D,12
2020-05-26,D,50
2020-05-25,D,44
2020-05-24,D,4
2020-05-23,D,38
2020-05-22,D,38
2020-05-21,D,69
2020-05-20,D,16
2020-05-19,D,91
2020-05-18,D,93
2020-05-17,D,2
2020-05-16,D,97
2020-05-15,D,95
2020-05-14,D,45
2020-05-13,D,82
2020-05-12,D,77
2020-05-11,D,89
2020-05-10,D,33
2020-05-09,D,19
2020-05-08,D,73
2020-05-07,D,79
2020-05-06,D,82
2020-05-05,D,9
2020-05-04,D,58
2020-05-03,D,68
2020-05-02,D,22
2020-05-01,D,15
2020-04-30,D,86
2020-04-29,D,4
2020-04-28,D,86
2020-04-27,D,50
2020-04-26,D,9
2020-04-25,D,18
2020-04-24,D,72
2020-04-23,D,79
2020-04-22,D,11
2020-04-21,D,95
2020-04-20,D,92
2020-04-19,D,66
2020-04-18,D,15
2020-04-17,D,96
2020-04-16,D,48
2020-04-15,D,24
2020-04-14,D,20
2020-04-13,D,18
2020-04-12,D,26
2020-04-11,D,70
2020-04-10,D,12
2020-04-09,D,35
2020-04-08,D,41
2020-04-07,D,76
2020-04-06,D,87
2020-04-05,D,34
2020-04-04,D,79
2020-04-03,D,52
2020-04-02,D,26
2020-04-01,D,97
2020-03-31,D,85
2020-03-30,D,72
2020-03-29,D,61
2020-03-28,D,53
2020-03-27,D,67
2020-03-26,D,37
2020-03-25,D,48
2020-03-24,D,12
2020-03-23,D,72
2020-03-22,D,15
2020-03-21,D,21
2020-03-20,D,94
2020-03-19,D,35
2020-03-18,D,89
2020-03-17,D,25
2020-03-16,D,66
2020-03-15,D,82
2020-03-14,D,53
2020-03-13,D,49
2020-03-12,D,73
2020-03-11,D,73
2020-03-10,D,27
2020-03-09,D,38
2020-03-08,D,14
2020-03-07,D,77
2020-03-06,D,59
2020-03-05,D,42
2020-03-04,D,53
2020-03-03,D,3
2020-03-02,D,46
2020-03-01,D,12
2020-02-29,D,84
2020-02-28,D,85
2020-02-27,D,66
2020-02-26,D,66
2020-02-25,D,18
2020-02-24,D,62
2020-02-23,D,51
2020-02-22,D,75
2020-02-21,D,3
2020-02-20,D,29
2020-02-19,D,86
2020-02-18,D,38
2020-02-17,D,25
2020-02-16,D,7
2020-02-15,D,65
2020-02-14,D,52
2020-02-13,D,11
2020-02-12,D,27
2020-02-11,D,19
2020-02-10,D,34
2020-02-09,D,63
2020-02-08,D,40
2020-02-07,D,32
2020-02-06,D,34
2020-02-05,D,55
2020-02-04,D,61
2020-02-03,D,65
2020-02-02,D,51
2020-02-01,D,71
2020-01-31,D,33
2020-01-30,D,99
2020-01-29,D,37
2020-01-28,D,34
2020-01-27,D,47
2020-01-26,D,93
2020-01-25,D,91
2020-01-24,D,58
2020-01-23,D,71
2020-01-22,D,97
2020-01-21,D,73
2020-01-20,D,77
2020-01-19,D,61
2020-01-18,D,50
2020-01-17,D,43
2020-01-16,D,79
2020-01-15,D,60
2020-01-14,D,29
2020-01-13,D,21
2020-01-12,D,84
2020-01-11,D,13
2020-01-10,D,72
2020-01-09,D,56
2020-01-08,D,38
2020-01-07,D,37
2020-01-06,D,73
2020-01-05,D,27
2020-01-04,D,70
2020-01-03,D,96
2020-01-02,D,79
2020-01-01,D,53
2020-11-10,E,86
2020-11-09,E,33
2020-11-08,E,38
2020-11-07,E,65
2020-11-06,E,58
2020-11-05,E,69
2020-11-04,E,71
2020-11-03,E,61
2020-11-02,E,68
2020-11-01,E,53
2020-10-31,E,29
2020-10-30,E,20
2020-10-29,E,76
2020-10-28,E,56
2020-10-27,E,40
2020-10-26,E,16
2020-10-25,E,64
2020-10-24,E,79
2020-10-23,E,94
2020-10-22,E,54
2020-10-21,E,40
2020-10-20,E,47
2020-10-19,E,63
2020-10-18,E,34
2020-10-17,E,63
2020-10-16,E,1
2020-10-15,E,27
2020-10-14,E,24
2020-10-13,E,17
2020-10-12,E,66
2020-10-11,E,67
2020-10-10,E,72
2020-10-09,E,54
2020-10-08,E,48
2020-10-07,E,80
2020-10-06,E,31
2020-10-05,E,31
2020-10-04,E,44
2020-10-03,E,78
2020-10-02,E,64
2020-10-01,E,69
2020-09-30,E,7
2020-09-29,E,60
2020-09-28,E,32
2020-09-27,E,63
2020-09-26,E,33
2020-09-25,E,72
2020-09-24,E,82
2020-09-23,E,42
2020-09-22,E,79
2020-09-21,E,46
2020-09-20,E,87
2020-09-19,E,14
2020-09-18,E,49
2020-09-17,E,81
2020-09-16,E,7
2020-09-15,E,49
2020-09-14,E,48
2020-09-13,E,90
2020-09-12,E,67
2020-09-11,E,90
2020-09-10,E,14
2020-09-09,E,27
2020-09-08,E,64
2020-09-07,E,76
2020-09-06,E,53
2020-09-05,E,23
2020-09-04,E,28
2020-09-03,E,66
2020-09-02,E,3
2020-09-01,E,74
2020-08-31,E,35
2020-08-30,E,61
2020-08-29,E,97
2020-08-28,E,15
2020-08-27,E,75
2020-08-26,E,39
2020-08-25,E,6
2020-08-24,E,89
2020-08-23,E,61
2020-08-22,E,25
2020-08-21,E,27
2020-08-20,E,84
2020-08-19,E,18
2020-08-18,E,29
2020-08-17,E,28
2020-08-16,E,11
2020-08-15,E,73
2020-08-14,E,36
2020-08-13,E,10
2020-08-12,E,87
2020-08-11,E,28
2020-08-10,E,55
2020-08-09,E,89
2020-08-08,E,23
2020-08-07,E,84
2020-08-06,E,43
2020-08-05,E,64
2020-08-04,E,44
2020-08-03,E,30
2020-08-02,E,65
2020-08-01,E,67
2020-07-31,E,29
2020-07-30,E,4
2020-07-29,E,61
2020-07-28,E,17
2020-07-27,E,96
2020-07-26,E,46
2020-07-25,E,49
2020-07-24,E,52
2020-07-23,E,94
2020-07-22,E,68
2020-07-21,E,81
2020-07-20,E,14
2020-07-19,E,98
2020-07-18,E,38
2020-07-17,E,45
2020-07-16,E,77
2020-07-15,E,5
2020-07-14,E,13
2020-07-13,E,7
2020-07-12,E,64
2020-07-11,E,85
2020-07-10,E,29
2020-07-09,E,100
2020-07-08,E,83
2020-07-07,E,51
2020-07-06,E,76
2020-07-05,E,48
2020-07-04,E,20
2020-07-03,E,25
2020-07-02,E,58
2020-07-01,E,88
2020-06-30,E,75
2020-06-29,E,11
2020-06-28,E,1
2020-06-27,E,5
2020-06-26,E,97
2020-06-25,E,4
2020-06-24,E,10
2020-06-23,E,18
2020-06-22,E,99
2020-06-21,E,53
2020-06-20,E,2
2020-06-19,E,82
2020-06-18,E,29
2020-06-17,E,43
2020-06-16,E,17
2020-06-15,E,91
2020-06-14,E,43
2020-06-13,E,29
2020-06-12,E,69
2020-06-11,E,100
2020-06-10,E,46
2020-06-09,E,7
2020-06-08,E,47
2020-06-07,E,84
2020-06-06,E,52
2020-06-05,E,84
2020-06-04,E,58
2020-06-03,E,100
2020-06-02,E,83
2020-06-01,E,76
2020-05-31,E,49
2020-05-30,E,57
2020-05-29,E,22
2020-05-28,E,8
2020-05-27,E,16
2020-05-26,E,48
2020-05-25,E,25
2020-05-24,E,30
2020-05-23,E,73
2020-05-22,E,60
2020-05-21,E,99
2020-05-20,E,46
2020-05-19,E,42
2020-05-18,E,32
2020-05-17,E,75
2020-05-16,E,47
2020-05-15,E,66
2020-05-14,E,81
2020-05-13,E,98
2020-05-12,E,1
2020-05-11,E,93
2020-05-10,E,73
2020-05-09,E,18
2020-05-08,E,67
2020-05-07,E,32
2020-05-06,E,31
2020-05-05,E,53
2020-05-04,E,30
2020-05-03,E,89
2020-05-02,E,34
2020-05-01,E,27
2020-04-30,E,23
2020-04-29,E,50
2020-04-28,E,63
2020-04-27,E,15
2020-04-26,E,24
2020-04-25,E,29
2020-04-24,E,61
2020-04-23,E,68
2020-04-22,E,13
2020-04-21,E,27
2020-04-20,E,25
2020-04-19,E,68
2020-04-18,E,6
2020-04-17,E,65
2020-04-16,E,38
2020-04-15,E,31
2020-04-14,E,83
2020-04-13,E,53
2020-04-12,E,40
2020-04-11,E,48
2020-04-10,E,43
2020-04-09,E,1
2020-04-08,E,7
2020-04-07,E,62
2020-04-06,E,45
2020-04-05,E,60
2020-04-04,E,68
2020-04-03,E,8
2020-04-02,E,81
2020-04-01,E,97
2020-03-31,E,4
2020-03-30,E,90
2020-03-29,E,22
2020-03-28,E,4
2020-03-27,E,97
2020-03-26,E,99
2020-03-25,E,66
2020-03-24,E,16
2020-03-23,E,83
2020-03-22,E,63
2020-03-21,E,26
2020-03-20,E,28
2020-03-19,E,26
2020-03-18,E,15
2020-03-17,E,56
2020-03-16,E,73
2020-03-15,E,52
2020-03-14,E,38
2020-03-13,E,81
2020-03-12,E,97
2020-03-11,E,55
2020-03-10,E,92
2020-03-09,E,82
2020-03-08,E,19
2020-03-07,E,29
2020-03-06,E,23
2020-03-05,E,13
2020-03-04,E,10
2020-03-03,E,63
2020-03-02,E,31
2020-03-01,E,24
2020-02-29,E,8
2020-02-28,E,53
2020-02-27,E,22
2020-02-26,E,60
2020-02-25,E,70
2020-02-24,E,10
2020-02-23,E,10
2020-02-22,E,57
2020-02-21,E,98
2020-02-20,E,75
2020-02-19,E,69
2020-02-18,E,88
2020-02-17,E,68
2020-02-16,E,56
2020-02-15,E,16
2020-02-14,E,37
2020-02-13,E,12
2020-02-12,E,47
2020-02-11,E,39
2020-02-10,E,45
2020-02-09,E,81
2020-02-08,E,100
2020-02-07,E,67
2020-02-06,E,64
2020-02-05,E,70
2020-02-04,E,63
2020-02-03,E,19
2020-02-02,E,78
2020-02-01,E,48
2020-01-31,E,45
2020-01-30,E,94
2020-01-29,E,26
2020-01-28,E,26
2020-01-27,E,73
2020-01-26,E,3
2020-01-25,E,7
2020-01-24,E,10
2020-01-23,E,31
2020-01-22,E,53
2020-01-21,E,51
2020-01-20,E,39
2020-01-19,E,72
2020-01-18,E,40
2020-01-17,E,2
2020-01-16,E,6
2020-01-15,E,26
2020-01-14,E,5
2020-01-13,E,78
2020-01-12,E,8
2020-01-11,E,51
2020-01-10,E,68
2020-01-09,E,30
2020-01-08,E,100
2020-01-07,E,46
2020-01-06,E,42
2020-01-05,E,88
2020-01-04,E,78
2020-01-03,E,96
2020-01-02,E,93
2020-01-01,E,20
2020-11-10,F,15
2020-11-09,F,80
2020-11-08,F,87
2020-11-07,F,43
2020-11-06,F,13
2020-11-05,F,84
2020-11-04,F,33
2020-11-03,F,34
2020-11-02,F,66
2020-11-01,F,60
2020-10-31,F,63
2020-10-30,F,82
2020-10-29,F,33
2020-10-28,F,30
2020-10-27,F,65
2020-10-26,F,28
2020-10-25,F,13
2020-10-24,F,95
2020-10-23,F,9
2020-10-22,F,48
2020-10-21,F,64
2020-10-20,F,81
2020-10-19,F,1
2020-10-18,F,21
2020-10-17,F,79
2020-10-16,F,8
2020-10-15,F,53
2020-10-14,F,81
2020-10-13,F,84
2020-10-12,F,65
2020-10-11,F,59
2020-10-10,F,70
2020-10-09,F,39
2020-10-08,F,18
2020-10-07,F,46
2020-10-06,F,64
2020-10-05,F,66
2020-10-04,F,26
2020-10-03,F,36
2020-10-02,F,89
2020-10-01,F,20
2020-09-30,F,22
2020-09-29,F,4
2020-09-28,F,1
2020-09-27,F,10
2020-09-26,F,94
2020-09-25,F,66
2020-09-24,F,6
2020-09-23,F,62
2020-09-22,F,65
2020-09-21,F,11
2020-09-20,F,84
2020-09-19,F,47
2020-09-18,F,17
2020-09-17,F,44
2020-09-16,F,8
2020-09-15,F,4
2020-09-14,F,73
2020-09-13,F,8
2020-09-12,F,18
2020-09-11,F,70
2020-09-10,F,75
2020-09-09,F,93
2020-09-08,F,13
2020-09-07,F,18
2020-09-06,F,81
2020-09-05,F,32
2020-09-04,F,97
2020-09-03,F,65
2020-09-02,F,96
2020-09-01,F,66
2020-08-31,F,20
2020-08-30,F,2
2020-08-29,F,5
2020-08-28,F,15
2020-08-27,F,50
2020-08-26,F,28
2020-08-25,F,5
2020-08-24,F,61
2020-08-23,F,6
2020-08-22,F,1
2020-08-21,F,5
2020-08-20,F,84
2020-08-19,F,61
2020-08-18,F,26
2020-08-17,F,97
2020-08-16,F,15
2020-08-15,F,89
2020-08-14,F,14
2020-08-13,F,37
2020-08-12,F,18
2020-08-11,F,17
2020-08-10,F,76
2020-08-09,F,75
2020-08-08,F,49
2020-08-07,F,60
2020-08-06,F,39
2020-08-05,F,39
2020-08-04,F,74
2020-08-03,F,83
2020-08-02,F,35
2020-08-01,F,22
2020-07-31,F,97
2020-07-30,F,5
2020-07-29,F,83
2020-07-28,F,1
2020-07-27,F,29
2020-07-26,F,37
2020-07-25,F,23
2020-07-24,F,25
2020-07-23,F,44
2020-07-22,F,67
2020-07-21,F,33
2020-07-20,F,52
2020-07-19,F,19
2020-07-18,F,29
2020-07-17,F,89
2020-07-16,F,16
2020-07-15,F,11
2020-07-14,F,50
2020-07-13,F,9
2020-07-12,F,81
2020-07-11,F,8
2020-07-10,F,84
2020-07-09,F,74
2020-07-08,F,38
2020-07-07,F,80
2020-07-06,F,26
2020-07-05,F,88
2020-07-04,F,94
2020-07-03,F,5
2020-07-02,F,40
2020-07-01,F,92
2020-06-30,F,50
2020-06-29,F,13
2020-06-28,F,18
2020-06-27,F,12
2020-06-26,F,87
2020-06-25,F,76
2020-06-24,F,10
2020-06-23,F,85
2020-06-22,F,61
2020-06-21,F,88
2020-06-20,F,73
2020-06-19,F,76
2020-06-18,F,9
2020-06-17,F,99
2020-06-16,F,25
2020-06-15,F,12
2020-06-14,F,51
2020-06-13,F,23
2020-06-12,F,85
2020-06-11,F,52
2020-06-10,F,100
2020-06-09,F,18
2020-06-08,F,39
2020-06-07,F,86
2020-06-06,F,97
2020-06-05,F,74
2020-06-04,F,30
2020-06-03,F,18
2020-06-02,F,60
2020-06-01,F,83
2020-05-31,F,47
2020-05-30,F,36
2020-05-29,F,99
2020-05-28,F,12
2020-05-27,F,100
2020-05-26,F,97
2020-05-25,F,4
2020-05-24,F,71
2020-05-23,F,70
2020-05-22,F,50
2020-05-21,F,41
2020-05-20,F,16
2020-05-19,F,5
2020-05-18,F,71
2020-05-17,F,34
2020-05-16,F,39
2020-05-15,F,97
2020-05-14,F,17
2020-05-13,F,19
2020-05-12,F,25
2020-05-11,F,67
2020-05-10,F,5
2020-05-09,F,97
2020-05-08,F,97
2020-05-07,F,47
2020-05-06,F,72
2020-05-05,F,48
2020-05-04,F,47
2020-05-03,F,60
2020-05-02,F,68
2020-05-01,F,10
2020-04-30,F,99
2020-04-29,F,95
2020-04-28,F,58
2020-04-27,F,59
2020-04-26,F,40
2020-04-25,F,47
2020-04-24,F,55
2020-04-23,F,21
2020-04-22,F,24
2020-04-21,F,55
2020-04-20,F,51
2020-04-19,F,10
2020-04-18,F,4
2020-04-17,F,15
2020-04-16,F,11
2020-04-15,F,7
2020-04-14,F,50
2020-04-13,F,50
2020-04-12,F,16
2020-04-11,F,63
2020-04-10,F,39
2020-04-09,F,49
2020-04-08,F,19
2020-04-07,F,68
2020-04-06,F,23
2020-04-05,F,95
2020-04-04,F,59
2020-04-03,F,48
2020-04-02,F,72
2020-04-01,F,15
2020-03-31,F,72
2020-03-30,F,27
2020-03-29,F,45
2020-03-28,F,40
2020-03-27,F,97
2020-03-26,F,14
2020-03-25,F,48
2020-03-24,F,42
2020-03-23,F,78
2020-03-22,F,61
2020-03-21,F,13
2020-03-20,F,65
2020-03-19,F,27
2020-03-18,F,80
2020-03-17,F,34
2020-03-16,F,86
2020-03-15,F,19
2020-03-14,F,58
2020-03-13,F,51
2020-03-12,F,31
2020-03-11,F,50
2020-03-10,F,44
2020-03-09,F,71
2020-03-08,F,9
2020-03-07,F,91
2020-03-06,F,76
2020-03-05,F,93
2020-03-04,F,51
2020-03-03,F,3
2020-03-02,F,97
2020-03-01,F,57
2020-02-29,F,54
2020-02-28,F,90
2020-02-27,F,79
2020-02-26,F,85
2020-02-25,F,13
2020-02-24,F,65
2020-02-23,F,25
2020-02-22,F,32
2020-02-21,F,1
2020-02-20,F,74
2020-02-19,F,23
2020-02-18,F,85
2020-02-17,F,46
2020-02-16,F,58
2020-02-15,F,32
2020-02-14,F,99
2020-02-13,F,8
2020-02-12,F,15
2020-02-11,F,97
2020-02-10,F,94
2020-02-09,F,81
2020-02-08,F,32
2020-02-07,F,11
2020-02-06,F,87
2020-02-05,F,67
2020-02-04,F,57
2020-02-03,F,89
2020-02-02,F,83
2020-02-01,F,23
2020-01-31,F,9
2020-01-30,F,22
2020-01-29,F,9
2020-01-28,F,57
2020-01-27,F,89
2020-01-26,F,37
2020-01-25,F,15
2020-01-24,F,34
2020-01-23,F,19
2020-01-22,F,55
2020-01-21,F,99
2020-01-20,F,9
2020-01-19,F,89
2020-01-18,F,92
2020-01-17,F,61
2020-01-16,F,81
2020-01-15,F,68
2020-01-14,F,84
2020-01-13,F,94
2020-01-12,F,91
2020-01-11,F,95
2020-01-10,F,82
2020-01-09,F,98
2020-01-08,F,12
2020-01-07,F,26
2020-01-06,F,13
2020-01-05,F,63
2020-01-04,F,21
2020-01-03,F,14
2020-01-02,F,76
2020-01-01,F,32
